Age,BMI,Glucose,Insulin,HOMA,Leptin,Adiponectin,Resistin,MCP.1,Classification
82,31.21748179,100,18.077,4.458993333,31.6453,9.92365,19.94687,994.316,2
32,36.51263743,87,14.026,3.0099796,49.3727,5.1,17.10223,588.46,1